,title,price,link
0,-,-,https://ebay.com/itm/123456?hash=item28caef0a3a:g:E3kAAOSwlGJiMikD&amdata=enc%3AAQAHAAAAsJoWXGf0hxNZspTmhb8%2FTJCCurAWCHuXJ2Xi3S9cwXL6BX04zSEiVaDMCvsUbApftgXEAHGJU1ZGugZO%2FnW1U7Gb6vgoL%2BmXlqCbLkwoZfF3AUAK8YvJ5B4%2BnhFA7ID4dxpYs4jjExEnN5SR2g1mQe7QtLkmGt%2FZ%2FbH2W62cXPuKbf550ExbnBPO2QJyZTXYCuw5KVkMdFMDuoB4p3FwJKcSPzez5kyQyVjyiIq6PB2q%7Ctkp%3ABlBMULq7kqyXYA
1,"Fastlane Comic~Issue #1~1994 ~SIGNED BY RAMIREZ~196/1,<wbr>000~Illustrate<wbr>d",US $35.00,https://www.ebay.com/itm/285047616752?hash=item425e2974f0:g:pfwAAOSw6sRjfCYL&amdata=enc%3AAQAIAAAAwPmk7etwiS%2FCGWloDyZbzBHXTmpnU%2BMO%2Fda8ZdFgb67M2RRM9qL7CxBDnnWr41ZnX0H%2Bxvdq6XQHttSxyfpUymFeiP6iUE2nS9Und6fmqWd4a%2FOs0Uvbx51jYT%2BjiKStes88rWcIvXGUb%2FwVJWb%2B43zIKxRIDDzfmV08BaKUz21yjfaPoPDEk2gv4MpqZ4FNHkJfboYJHriL3fGjibtdvwJHnxO%2BwOAtkxJrzRpXPKq1B%2F8X0ZN9gtBAby%2BXuBGLjQ%3D%3D%7Ctkp%3ABlBMUJjvx8u3Yg
2,Comic Books DC + Marvel Etc. Hardback Hardcover + TPB Trade Paperback BIG CHOICE,GBP 3.00,https://www.ebay.com/itm/125868094786?epid=225569144&hash=item1d4e52b542:g:DrQAAOSwXQ1kMFfF&amdata=enc%3AAQAIAAAA4KyC5gregkIAiqEsA%2BkVlvhoeH0q%2F0OwAcbDMf1T%2BiWSD2IfwhnNSZKdIqCSYouCmxrYt7MisnMXXpzB86BfXJHn0yLmjVQTbUaCHIlKDnKJX0lfXwVjHl6NXrDaADV1ERehTY4nY8QI7ScYZQBZ5SagP14n8GS6yk0E0CBjxs9zs1RTwVVTn2xAd9M6KRM6OPaaAYuK6p76sHjY0nswTCGb57I9jttOv0ybhFsp2Du%2FbirAj9XuvJ6xeTrsGRRCjwb3PgxrvV80CVSpfVBhNdo0YMCs4gqCChtJ2elOpUxH%7Ctkp%3ABk9SR5rvx8u3Yg
3,Huge Prime 25 Comic Book Lot- Marvel And Dc Only- Free Shipping! Vf+ To Nm+ All,US $35.00,https://www.ebay.com/itm/333741744649?hash=item4db48ee209:g:G9wAAOSwK~9e4kxl&amdata=enc%3AAQAIAAAAwH75J32ycAQjhr%2F5yITLpI1czVs2S0SJH1eWpko1N%2BsKE2C%2BYSv1hdq8intAVU6TvyCMwnWlDFXa7Bi0bP4HMkNuKIdR0xqpvL0w28xt%2BgZGzn7VHbSTjl3az03tiv5uhhC3M%2F2yTNfoKPj%2B%2BVFGeq0cZpCKcA7sUfXQEsp2SrM%2FMuAICfZ%2B1gMGOo%2F40PxyfuDKN43yP8tfN3tZ9iCe6DIA%2Bvgv0SigM6bH8fVzPB4MtWvZ0tI83lsPgfR78Kg9ew%3D%3D%7Ctkp%3ABk9SR5rvx8u3Yg
4,Airboy Volumes 1-8,US $24.99,https://www.ebay.com/itm/364378830179?hash=item54d6abb563:g:ZF4AAOSw1kxksctI&amdata=enc%3AAQAIAAAAwMxQiC5N5cIvp2h2jYQdyQtTLfGJ76qk9sv2IvBMYBbkCUnOB4vuwZtMezb%2FcOeawnDlNhAsX%2F0bejSrKu6y4INwXMLP2UQOd9W7BvA6OqhggT3VlxzPwRoUG2yoBQN2sd4CGjQmfIrAtzmwAohXKgPF%2FqaXasUwb6feOzUKQzMFxxOz%2FGIZ93amX7bZmg76UoGCQaw576XyeHccjmrjdOKU076aRACTcjJ3LWjkopGwRtb3ZWOuJmlGuwVpTaYRVw%3D%3D%7Ctkp%3ABk9SR5rvx8u3Yg
5,"HUGE 25 COMICS BOOK LOT-MARVEL, DC, INDIES- FREE Shipping! VF+ to NM+ ALL",US $25.00/ea,https://www.ebay.com/itm/333663785100?hash=item4dafe9508c:g:wcgAAOSw6fpiQ0y5&amdata=enc%3AAQAIAAAAwMdoUHXEKajLLQreWkHLsd1d%2BUf0ZSoJNuZ0Bn4RFiLby7lex8POYvYDefAh7bJYXk6EaYAyNwnlUf23ihVTguFUI15yixgXRrSvy0bkr%2FGvCghQZ3532nPhRcidWQ%2FL%2BPbrQQByd%2BCweOQbBFjHHgDIr%2FRh%2FLl3K4L20wuAEvf5LLYwr5eEE1IpEE%2BzLBWuWi9gR68UGl95y1wBjtw6JIICRsGvbo1nEwu45VOz734AoeWFdF%2FW1P2fE3OOxJy1Pw%3D%3D%7Ctkp%3ABk9SR5rvx8u3Yg
6,LOT of 100 Random Comics from a Comic Book Shop - Modern Era,US $49.99,https://www.ebay.com/itm/166210926881?hash=item26b2f17921:g:C7QAAOSwSEZa3psE&amdata=enc%3AAQAIAAAAwH%2FOts8%2BF5VukTnPf9qm7emyJ2k1lKt7bs%2B%2F55AqpJNJDYHo%2BHpWM8kd%2BUanS8akRmdq%2FhfOYbLec%2B13OvZkpVSlyzdmSfdTtO6KGkrAi1l0zyXpvekUkvpscSeUTJ1HZmzBGfTZ0wkzx1ocp31lS3I6YDcu4M9HzQV82nXzR36BnTTT5GNmVwKPows5N4DOWvga%2FruD1xEYFgbzreAw9hb3xH5VNd4dYnzADe9gWw9pr44jOCcaMVrOrQ2Abmv8Cw%3D%3D%7Ctkp%3ABk9SR5rvx8u3Yg
7,Silver Surfer Comic Lot #12-82 Partial Run (47 Books) HIGH GRADE 9.6 9.8 CGC IT!,US $102.00,https://www.ebay.com/itm/334966985663?hash=item4dfd9693bf:g:XmsAAOSwNNZklMpU&amdata=enc%3AAQAIAAAAwLDkbpdsrX5Q%2FMsoHsy36Won2ijIpcir1KVV8mOuHyCXUCVEGPfGDKc66l7yQ9C4msSKY6BaVJplbH6Ul9Hx9yLgvIatpFUUxqXlK8yTVyNaI0Jwb480Xw42GUGg0xm7EbQbn3RzF2yYASabpXyrgKaq4xuP4lup9qgGD3UY%2FGI8s2he8KfDgR%2F7RUOTS58BviBQrjimY4EoTcsMUCaTPobrJVUOL%2Fs63Mpbw9jPkbay0C5BgXF6%2FCj1o1gJj1xSyw%3D%3D%7Ctkp%3ABk9SR5rvx8u3Yg
8,Prime Comic Book Lot Marvel Only (See Description),US $24.99/ea,https://www.ebay.com/itm/275863382856?hash=item403abd2b48:g:8nsAAOSw73JkZ27s&amdata=enc%3AAQAIAAAA4NwQM%2BPOSGp%2F5s8x%2BtfA5aPWkJNfZb%2FXCmayyRMubrrXhS2oL%2BVHNoTcaFj5lN8G6swaTt1MaNLNf3Yv9M7PHVR9iBDbjRO0yRRiuEB%2FrXlLeL0AcI%2F44reiZvilXrOvvmfAgxrQ8whxkMZtpmeu2X3Ci9Giu0p%2Bv9hRF0Y1mayfjuSi5do2qg5JIsx8aklCPKnSCZKQKGRzUgLGPY7wiSwG2f7Jc6e7PLlyHVYQey7J%2Fl18YBtR6mX0F47nOMowixht5JoGxfxhgeacpP2mWWkSDVr7%2FYgQaxOAimnvSbe2%7Ctkp%3ABk9SR5rvx8u3Yg
9,DAREDEVIL #168 MID GRADE 1ST APP ELEKTRA,US $15.50,https://www.ebay.com/itm/134671322823?hash=item1f5b094ec7:g:BIYAAOSw9DZktEme&amdata=enc%3AAQAIAAAAwDTiMH9aGtoYz7B%2FNGSt2MmyrIlX3XP72QAF1T7eh5oCMaKckSmtyk8jOxE8BoK3MH9T1HM3UwhJAkLE74Mb6TpQKlzFjKIJel%2FaKTSGKxFmw7CF7cQy%2FVnNjnj%2FpCdzrywy6dI2o3VXYVxnGRXCrVbSiJdN7xQVn3cB8PvQhskFl9Wh9h4FptE5OzM%2FDpWHpbSYnLQmJHCWmbR6US1qwSr%2Bhy1eOn1f0VDZ0uCiUuL1UEqzLAk8PFUoHxp9IFjWiA%3D%3D%7Ctkp%3ABk9SR5rvx8u3Yg
10,Lot of (6) 15 Cent Marvel Comic Books 1970-71 KEYS FANTASTIC FOUR 109 114 DOOM,US $29.99,https://www.ebay.com/itm/275978420458?hash=item40419880ea:g:OxoAAOSwKfFkvxOk&amdata=enc%3AAQAIAAAAwEaba3cRGTTIZK70h11qD40QQ55rZhpzaf%2FZDI2NyccSUqHYjFe9A%2BNP%2FIK5JmXPPamjhN%2BcnHN85cDgdYA9r37IuOrJsD5PKQtNlk3QIciXNklSbAXkpPShB41SdmE3gvJ%2B32QMElJBfH6Qs8I%2BEB%2BfAzrZshTgS1RvNGZMpOfPw5D4KKiMK855I8KexBB%2BZvLON9fPiXwpIkvbYOO6llN6c5b%2FOAs7FLQKjsaFex2OgUawIro6vpk5xuAvoyEjTw%3D%3D%7Ctkp%3ABk9SR5rvx8u3Yg
11,"HUGE PREMIUM 25 COMIC BOOK LOT-MARVEL, DC- FREE SHIPPING! ALL BAGGED AND BOARDED",US $34.00,https://www.ebay.com/itm/165820536387?hash=item269bac9643:g:0DYAAOSw1G5jkQ9N&amdata=enc%3AAQAIAAAAwHW2CUipIOi44ECKHT4f%2Bcz2Le21HhNl2KTkKEVi43maPUPFWC78b3eoR0LKOOX5wDOFv75F1j6Eqi1K%2FhzZ2cd0332P0ZGsXaPepa1Da4mOYyjaoYIX3QZn7FMS9qqXDeoogAwzR8ktPSyCKNvRkhnaPwRn9gFneL7XKcCu2nvdBraO1faK5NMXTuBm0jdL4%2BDup%2FyDPr%2BgT3aYRGFb9SoUqH08jzsxq5Znl%2BHv8Wz%2FEgUDy0FOuHUxolX9EzKahg%3D%3D%7Ctkp%3ABk9SR5rvx8u3Yg
12,"Uncanny X-Men Byrne Lot 111-143 141 Dark Phoenix, Days of Future Past Low-Mid Gr",US $400.00,https://www.ebay.com/itm/325751739993?hash=item4bd8511659:g:Mp0AAOSwQDtkvZZF&amdata=enc%3AAQAIAAAA4CFwkDGaB95Y4Lu6WGIBoFTBFXx8QT7BeeRce6FmdT0KPaDAQLg%2F3eLLUtjWwu%2BqQgnOl7%2BuyGAkvCLbr7siXfnRw%2Bx8G%2BcuASP95FIMEVB3RkL6qGUvymMdUOv93RosXCt8ZWnQ5UcexCJBySq1fbQbEBvspGDVdOJ1GJEsfyfg1cKDUcElzXeVjFnHWS6GANwMYiX8GdlH1aPeVqHyPlIowyc6Pq0QtreZA5EP9GJj%2FTZQWa%2BBDADybl9B1%2Fxsp9gDGK0jhewsBqnkY5r80925qTD3zOruhH1QONzo8AXM%7Ctkp%3ABk9SR5rvx8u3Yg
13,COMIC BOOK BLIND BOX AMAZING SPIDER-MAN 300 SECRET WARS 8,US $56.99/ea,https://www.ebay.com/itm/385706798248?hash=item59cdeaaca8:g:lGQAAOSwbNBkltoE&amdata=enc%3AAQAIAAAAwOAsNi9SEjx8F1ePz7HZsq8YXMD%2FdEy51btkpbyHd9r93w2Fqhzyv3xsUjsx9giQxFJ6VofWE%2B%2BbzgY7%2FAZ%2FTiFAIhLgWZQBHlAnBr0DBTqYEJGukLRCfi8djzUEMPp4u0ZtS5SjFlVlkb4Z6SJhh0VA9RVbJhEuRvxMz9jxdYtFjI32%2FyAR%2FbSD9RC1jZjVt7BXk41VthskuGvMrDyFFwZ4m6lglmXxw0x3EK96%2BqCH9sYJ6jUP37Cd6qhCPa08tg%3D%3D%7Ctkp%3ABk9SR5rvx8u3Yg
14,100 Bulk Lot Assorted Comics Dc/ Marvel/ indies  Comic Books Incentives Included,US $50.00,https://www.ebay.com/itm/185113238611?hash=item2b199bdc53:g:KuAAAOSwWelgMrRB&amdata=enc%3AAQAIAAAA4MbORAfKhscmUJoOuQ2cM8K%2B0YL8Ff7O2smVnXrAIhwYQmyw3gscI9Z7TW9ylGgz9KUIqiiICMmvR0i6B%2FB0dpePRLgBVVXU20gAgSNMe2IwO%2Bj0oWA8wteW6y5qMTWhViGnFC8kHcXXx0B8hmI2hmbC1VC5oD95%2BMxZl%2FXPdHcakE0enTdQDdGYc1cANK0ht4yOCb97F2F5vbJ90hZu6XQBQL8ZOgT2Fgk8d72AcOBNV8tNsujQ%2Fn%2BHi7O3B%2FZEflAvQ%2FRxABT5d4ZueoTpzWwvxpnx01W1fErtuSA6H6NY%7Ctkp%3ABFBMmu_Hy7di
15,Prime Comic Book Lot Marvel Only (See Description),US $21.99/ea,https://www.ebay.com/itm/275751401156?hash=item40341076c4:g:GPkAAOSwgHNkIH0r&amdata=enc%3AAQAIAAAA4DrGPR%2BcTLEt%2FXO3YPebLF1uAZ34Mb8fNwaLAAmaLNnWPypWoOwrIGDdAi%2B%2FVBEOwTlgw3mV3dT%2FScU%2Bx7wWpp%2BuFjGsFibkznvC4niHJeo5mcFl0MtdodmIsjjsG7PUH9M57zdmD6nXIAxPwxwou%2B7%2FILfqsPODNuuEtqrrZXLSYDrVuTBQ%2BQs%2FUqR6W5S61K%2FIn%2F8LWdnIFQXV3Z6dbuTruzj480nAI%2FXA%2BXPyCM8dRziYjHbhckDcYntZGpOYq%2FZmxoiD2lAD1wR1H7XjsITGx79QvVnZuAeI%2BR70%2F7py%7Ctkp%3ABFBMmu_Hy7di
16,MARVEL- Lot of 100 Comic Books- All different MARVEL ONLY *FREE SHIPPING*,US $109.00,https://www.ebay.com/itm/165468723988?hash=item2686b45b14:g:RjQAAOSwdMBe~jAG&amdata=enc%3AAQAIAAAA4IOF3%2FgMTpJ7Rpxc5%2BCa99BzcHSHjmt0L0Thy87Xr5Q2%2Fm%2BN0SNB%2BASuXLcMpb5k4jrXykKssIMFwGthSvT6AzYeP38hX55j8fcbbz%2B18cKqbWAzn%2BgiHSr9bTjSjCJqPpYJJ2HxYnHIY%2FD3ygZvS%2Bf0ZOiuJHQ%2BQ%2BsP82WhOpBVw1ZAek6qUHCmAfCtPbMOQEqfAbHw44vdDgEGD5pSTJ%2FZEqEBfXzGB3zgczML5KkLjoraQPLhT8klcP4FZgd8Ye3YeUAe013Gpt2x3hb4%2FxlHcg%2BFlNwA7lZSEgQfn%2BgY%7Ctkp%3ABFBMmu_Hy7di
17,"The Smurfs #1, #2, #3, Marvel Comics, 1982, Lot of 3 CGC 6.0, 5.0 and 7.5",US $12.50,https://www.ebay.com/itm/204414448645?hash=item2f980cf405:g:meMAAOSwa-ZkpODN&amdata=enc%3AAQAIAAAAwIPcnRnXfe1yU2DThk9uP9XeIgg9InCPP8Jrp32ojYaFmz4CN35wtZfrHxLf7KyPi9Ql%2FvpkL2%2B%2B5tr3%2BI1zh7XlQXSnadevFeb2LK%2FZkM79H9VXz2QU%2FABLnHh4VxuaxbyYYg71hCJxu%2FiZ6OJtTPSq%2FnildPPvXynkU7ZsLpOKxk9Tz5i%2FbnlKe1CajANcEZ%2BdOp7TbIKRXQwpE3SydG6Elf5GLvxFn6WOkzkgV5CYjxnhz4cv5YYgU137T8TSoQ%3D%3D%7Ctkp%3ABk9SR5rvx8u3Yg
18,DC Comics Job Lot of 5X Superman Comics 1990s to 2000s VF/NM,GBP 9.99,https://www.ebay.com/itm/134608243222?hash=item1f5746ca16:g:5XoAAOSw1O1kOoLH&amdata=enc%3AAQAIAAAA4FIm1tAywK%2Bgr85AkjuahHRI3C9%2Bhrs8FHrpmYj%2B1MNb2X%2FefgmQdh6gSlSdGOhl4NEkqAYpPlSRSu%2BcqNm7SlzQ2VEQstv9eqOJXu%2BgjPd9AIB7WjNm9RB%2FOBMMu8X2ofjEEIJfzlHXs0ouWCuJ2k0o56RnoxkGVoRpiDym3cx7AC0U%2BMDE4r2nYRYpQ%2BH%2BithdZxn2aTgFAfE6YvG6Km80gzUPGgo56DAFawNcdINwBl8ya9lr4kPgmzZbKA4WsO6YVJgaOCaJgvQBAdrbWewR1T3ACdu%2F%2BAynMr8lMeyp%7Ctkp%3ABk9SR5rvx8u3Yg
19,Comic Books Graphic Novels &amp; Manga Marvel Etc Hardback Hardcover + TPB * CHOOSE,GBP 5.00,https://www.ebay.com/itm/285313242960?epid=23049973103&hash=item426dfe9750:g:O3kAAOSwx5Bkj5rn&amdata=enc%3AAQAIAAAA4EMdn0tWntZyNvpUwGa2aSAaFNoUHpv5A52IAsvoI7BYJ3hRcIKwsjUuuaBSD%2FO47BFHS1aVOZZ2w6n2xbypbpsWU6TtMOlz7FpXGRtbI6NM7m8NTLN5Lb7ub%2BS6MjkUM%2BLo5E0mY%2FSXnIvt8fSgaI2i5lnUwv3cHusNNYLfGJNAihR%2BZEdi2f%2FLPxloNI6eqfOB0jqo9psRqUOnZaqCVndZw5ZP%2BL5dsz9ldgOjXuuulMygUW7K%2FTVU%2FdOPHNS71kWDsmx%2F3LK0jrtb4SVy%2B1UHmHfI4FPWpewE%2FMwWnwE7%7Ctkp%3ABk9SR5rvx8u3Yg
20,Spider-Man The Parker Years # 1  Marvel Comics 1995,GBP 1.20,https://www.ebay.com/itm/134673793846?hash=item1f5b2f0336:g:iooAAOSwpLlkxTb~&amdata=enc%3AAQAIAAAAwBirp3b2F052vR8wR2KYgaYBv6jjZ1JrH0VUPwhFJX1ypJEMZVL3rimn7O%2BMa9Fqw%2FziKVOoKS%2FECPnuhyGQpv47SBiUJGW7dwWUYSPL1q80jZ7LcL5xDZoaaI43myq2eNFiOVr9OiS%2BFcMIK3h96xHvDRxQSorxq%2FEpacTbk6Jp%2F04ydImEsBzGdJf9W7NJb45adezC%2Faa8Ak3qTYqFOJ51nvwWz8OFNXzg3wtYVL1oqwSvcjVwsFQs8gx%2FNq1FeQ%3D%3D%7Ctkp%3ABk9SR5rvx8u3Yg
21,boxes of old comics,US $925.00,https://www.ebay.com/itm/134675514426?hash=item1f5b49443a:g:WD4AAOSwjQlkcQg5&amdata=enc%3AAQAIAAAAwKQvJmm5ZbWFzKDS%2F%2Bnkmg1EfnRUNrLFcTxGjFNz3I0%2BXEYpgReYDdyFo02bRhkouOWSuB1rZ%2FR6fEQvQ8%2FwD6%2BhlBDwYKPBeHY%2FCLmEOdmxgRC0OM3SDS%2BjBCgd3cQxbTCkKGctE0YJcSTG20StjoEtdjjZ4GanV4lqnFeHvpqGoOc8qsYwvY3O%2BpASN1jBQoEme6bR%2FFlZFDs7tGUhiqp5AlcZchNsgkQxP47obBTxzqcckvFSIit%2Fv8ePgd7LUg%3D%3D%7Ctkp%3ABk9SR5rvx8u3Yg
22,"LARGE 25 COMICS BOOK LOT-MARVEL, DC, INDIES- FREE/Fast Shipping! VF to NM+ ALL",US $24.99/ea,https://www.ebay.com/itm/295102178301?hash=item44b575e3fd:g:EFMAAOSwcZxh2GRM&amdata=enc%3AAQAIAAAA4O6j9YRT2y4IRAC5r%2FqImxKQgvRHMPirU0ae0Jmt%2BatiZuePK40cHYBHpyHEd%2BysC1srTwiLVDudu1N8qI9e4Tmhc3RIGGwzCs2U82%2FhZNoVoPZWfjZ37CXCCtQtwmjm%2BCu7QJScxqWC7J5Al44dLvgn2CQMv%2B8wKaEpFSIijQOXSr0i%2Blnx4QWEdgk%2BlWDCxXAlOslKl4kArooe6fNxDEFMz82kU4e%2FGUng5APwwzxWOLaeGlpGMi4%2FHpyY%2FBDRbe10CIliP%2BKE5Q3rSTz4ZMJuCWFBVRYj4z%2FOEOdWABZK%7Ctkp%3ABk9SR5rvx8u3Yg
23,X-Men #23 and #24!,US $40.00,https://www.ebay.com/itm/325746551506?hash=item4bd801ead2:g:UH8AAOSwTKdkwYhV&amdata=enc%3AAQAIAAAA4APbLcDFmmeCgiidPqdAoFxzXnn3db60Pgspb%2FwroMCExznU91C3mPsAYp%2Fa18CpzeAzoABXFTivRcXDf2S%2FPhYd9QsFkkqi97AOfzL40YAdmipBu%2FdoZLhxLUE3J7OMqobF1sFOnsIiB%2B%2FGPH7a1IIXfCUS4qz2Lzt38i%2FnzHNQ664%2FdvTVNRa%2FHu7qKikB6NFpb3bAnfTKyEBLArblrxVQbh9i8pcCuKZMc9%2BctB0tIh7%2BoFzkpGHOBooSCLRKRTfP%2BogYAEKxOoB1qBEk8lH9kVcE5yMy2fhR70Sdkn%2B6%7Ctkp%3ABk9SR5rvx8u3Yg
24,1991 Harvey Comics Back To The Future #1 FREE SHIPPING,US $9.99,https://www.ebay.com/itm/354949352838?hash=item52a4a14d86:g:n7sAAOSwbW9kiKIG&amdata=enc%3AAQAIAAAA4K%2BHb%2FxBO3cbPDmscZD7084Ute61IC%2F5WxBAQ64qYGFPI%2FhooJMXXeZOur97iCsv6ajtEY3%2BOwmbIkIdiDVl39zFm9VIHHJs1zM9tnERw8BrDb%2BZOtK7Vu3P6Hj5VwiazGP3jv5V12Wa2UBTqmqaBvqx2OCMDJCyKIYK7slfx9IbSFWo50PkRkW3l27i1TpEwFbpZIaGn5qGaJvjopc62DOwyzGcgW2OnN3mHTJNpWSullRrKeZajTtWfuJ4Loxr0swHi%2FLrKTBwEvJkax4eb7WcT5EmxZAtw5ZAVqMZphgM%7Ctkp%3ABk9SR5rvx8u3Yg
25,AMAZING SPIDER-MAN #300 (FACSIMILE EDITION REGULAR/FOIL VARIANT SET) ~ PRE-SALE,US $17.99,https://www.ebay.com/itm/295791470427?hash=item44de8ba75b:g:tI8AAOSwPFBknuSJ&amdata=enc%3AAQAIAAAA4K7NriHazqVdbMY07aMN8hekz5A2ldvXJKEkhFkQC3QvpCvlGzIi1pFQGxlY9zjqNgMSueuBWKJJHrev8j5XOlppoYi5PdVRkDktUM4jQph3jVh8oUmRhrMl6%2FiqzVGb8ao8a7LpsWPN5F5nK3KmrUUgrzQ%2F2SV9LNapcTupjpzw1y%2B9e4EfmMM0ol%2FCS4VPFvQbdBCnInn%2F82FPhWpDhfuI0JWRHzMWZaXkaJ2iHqeOwxkwVz7wH%2BVorGtMPAc9TIgaPcqhncZbZzrEDOh33cObrBgyVhmsn%2BQ70HmXylm3%7Ctkp%3ABk9SR5zvx8u3Yg
26,"Marvel Super-Heroes #13 (1968) 1st Carol Danvers, 2nd Capt. Marvel",US $25.00,https://www.ebay.com/itm/225698663559?hash=item348cb04c87:g:Dv4AAOSwtAxktLM0&amdata=enc%3AAQAIAAAA4O3e97dSXSh%2B1Gwgf%2B%2B%2Bo1LgN%2F2gY0B5i5Sgb2IcOmGnwA%2BRNWmVxfdPP7MiwPUxvMZZAxGssu3rtV%2Bbi5HQXqfqaUlrix3jKG4xjTnoFM8glROdY9oG4cPy3dIG%2F4RKcZkOgQnZmBSzZB37enNE0sjKb%2BhalVgd%2FOlfgGX7BDwUfWkqAIp8rgiFkijc1NLmGvygwxmqhiKgbRY%2BEafDJPdaaM3dbfj06fDsP7MEhwdbNNxRQQM8yHAiFtEDGevh8GYSIqAyxKDwYJUo83pFhxw6xN%2F9matdMzYwrzR0FpVX%7Ctkp%3ABk9SR5zvx8u3Yg
27,"50 Bulk Lot Assorted DC (20), Marvel (20), &amp; Ind (10) Comic Books (1970- 2022)",US $39.99,https://www.ebay.com/itm/185960346470?hash=item2b4c19b366:g:TzAAAOSwZi5jYShM&amdata=enc%3AAQAIAAAAwKfF2grYFJc7nn1uCumqJc61L7jASTm%2F9t26BI%2F8E%2Bo4v818yCAuzaq7UoOMq62vYYuVuHR99l3OR1xFpIQYZRytujVOEADQm7UkRZVl3DBwB3DxwHIzmC4bsYjpjV9ie5y73mdi%2B8s4OwBMeC28plfCV%2FhcwHDdjjMiyn7LE7Erci%2F3PPrEcFYFFyYARoeAjuIjyxtzik8IfaB12bNBl%2F1Pkm7wU7os8JznHMinO0OGf2FediMLoJHWdxpvRiPmxQ%3D%3D%7Ctkp%3ABk9SR5zvx8u3Yg
28,SPIDER-MAN #1 - MARVEL COMICS - PLANET OF THE SYMBIOTES Super Special,GBP 0.99,https://www.ebay.com/itm/134673792691?hash=item1f5b2efeb3:g:EgAAAOSwKfVkxTfc&amdata=enc%3AAQAIAAAA4KWiZK6jGKFwxrU9kwl6jvLuXiWnVQWPHgkO96m0Im7%2FSEaNJq5yMyaaYHRsETysmBPstGnWUS9plen5KmT8rG5e5uL5%2F50y%2Bojx0lfalsIgZO9HKEFaBXM2pUMzMeiDwqrCVXMg%2FRQEz0w7VQvZbxdSEhGxHwZA9Lkmz8XmJ70IVMJEmI9o5%2B8502vsi7Gv3UkmZpZxwTLrTxGNBxyTkC79ncyG%2BnQyBzuiS73mf61bFeH34JuvX%2BTHy60eGwc0%2Fx%2BCFftGwzxKSPyJEHZAzQgVeLvgrx6%2BRAmLahn1Os%2B2%7Ctkp%3ABk9SR5zvx8u3Yg
29,(50) Marvel / DC Comic Books ~ Bronze To Modern ~ Mixed Lot,US $49.95/ea,https://www.ebay.com/itm/373430625521?hash=item56f23324f1:g:rvoAAOSwdq5hLpTC&amdata=enc%3AAQAIAAAA4B6JI9fXMKbBLXN0pLAN2%2Fo%2FqzmlyuuEhWZrdC3851rvg0PsOAb%2BEKhkpQ81CzZD46KO3OgqbTPnc89r3Dy0T3pmcZV0UKB2cr0FB0nG3P0F2ARF5Gu8YsYHqWfNuqCT%2Bgq1rWJh%2BnBSOKHthlPOVAw%2BLKpeMV8YGTQUY9j2U4mGlNbf0yUD1hkt0FcLHhOr7zJ9tiYWKNLhayqdGe8pK2jTC%2B%2Fk%2F8gV4E5zf9JBfJvZzS7BHk3eWROuy6W9NRGtPy2XU8Fw8sPozxuIPEi8NvPBw8IaU7hrnDt%2F%2FgENtiuk%7Ctkp%3ABFBMnO_Hy7di
30,Mixed LOT OF (50) Marvel / DC Comic Books ~ Bronze To Modern ~ FREE SHIPPING,US $49.95/ea,https://www.ebay.com/itm/353412781215?hash=item52490b149f:g:6M4AAOSw53FfsxfD&amdata=enc%3AAQAIAAAA4CIQFI%2FxuWWQqjo5vO%2BxeNGxf9yVFDg1cM61g4aU8vfrkIiZ%2Btw5b%2F5f6pG%2BUbqyPSoTjZ%2BsrYzZBG0rjqZnL3TJ6TEHOOFEUWzcuoSlDRKmN%2FvxqIKpCP6zdSZGB6HIPiMM2wpqlKcoreYNKROhGVPbgMB8sgidZOoLUl0o%2FFWT%2FMOdeaH9LDYjdmjpFFH%2BUX1PswPrdXZ%2B7Y%2F7DQWR45zM74ScFX6m4%2BxIrlC1KlTZGZI3WRj%2Bl99mS6xqWfUUvGQcIRJw%2BfgqOApdb9nAi9HbCkW8oEJgCejIkzrejBAW%7Ctkp%3ABFBMnO_Hy7di
31,DC- Lot of 100 Comic Books- All different DC ONLY *FREE SHIPPING*,US $74.80,https://www.ebay.com/itm/164272949833?hash=item263f6e4a49:g:TnIAAOSwp9ZiIr67&amdata=enc%3AAQAIAAAA4IfUm%2BBjQu1pskijL%2F0D48OfTqfh6TGpQhlH3qR1Udoy6%2Fs5MA%2BVkNiqNoguOx81hSe6lIfwEk7Jz53fozujgzZInWR135qzOG%2Bwih7ojDpSOD4gGDAa616Nyh%2FLyp0CTAbV8tSU3VIpzcLDZ%2BzEUcXZt4j1LXrnFkZsHzSlg65FNGXjJK1BaX7uPj9IGMaMeGPtBCjKdK2cH6%2FnH5UdbntQfNrAv2%2BRSDJ52G9BifZI3XOEGYS7WQoVjVz2W7h%2FwCyd8mRb7Xvh6%2BshnzUR3Uk1%2F7077F4dwEvUaVfRXjFC%7Ctkp%3ABFBMnO_Hy7di
32,COMIC BOOK LOT Batman Three Jokers- Varients - 9 Books Total. DC 2020 CGC Ready,US $49.95/ea,https://www.ebay.com/itm/225576103037?hash=item3485622c7d:g:0mcAAOSwAUlkX91b&amdata=enc%3AAQAIAAAA4L8xqMlWkN5t1kqfp3oX0dNY5xWmFUR2M4LzWxiQoJa1yqhYdmGzwXBtDGBkuKRwaLPJYloqdw826RYhk9QLkoV070FkvGRnXyIbbWY1kUt%2F3NHRsJy%2B0mBRTcgYPhf5nsrzs7U7ML2mCkA%2BcU%2BFl2g08hVeuVauZuIlwth0bPv0p7%2Blb8UzaXinB3xyPf0x2Fe3g29u69d8IIBrE3%2FE6ELQ4wb09QKHS8rH5atpDxmKBTpu9HN4y4XeNAI72nhHKPSoEg8dl4%2B9eB60gUAxZvMRAq7P0MkBS%2F2z81buYHkM%7Ctkp%3ABFBMnO_Hy7di
33,Spider-man Deadly Foes 1-2 Marvel Comics,GBP 0.99,https://www.ebay.com/itm/134673795139?hash=item1f5b2f0843:g:H4MAAOSweqZkxTQQ&amdata=enc%3AAQAIAAAAwMyhzyN8oR2pSUh3Nv9EWcasxCMmZMNSAePELg079bhANNwu%2Bjc3bhuyoFwLs1oJKhQr2QxioEdhVM54Ntflqj48eRei4ywDOWEDM0VgpWZWxfX9FIZKEaibWo3srIariEmJ%2FDZiehAD9Rr%2F2mbRR8KSyI3do0qQJbNJ7W96oICMpXLT%2BK%2BDcwtITIz2tRMUdH9VAkbcVNuDFZHUfc3LbsDf%2B0BQXlqoXFvGDBhM2TfSg6KsRlj618lN7e5AAxYUIQ%3D%3D%7Ctkp%3ABk9SR5zvx8u3Yg
34,SPAWN #1 TODD MCFARLANE  1ST APPEARANCE OF SPAWN IMAGE COMICS 1992 CLEAN COPIES,US $45.00/ea,https://www.ebay.com/itm/195908141869?hash=item2d9d09032d:g:wlMAAOSwyDNkwuZM&amdata=enc%3AAQAIAAAA4Lio%2F%2FvXk2WsVP6wa2WbcrIulo25tfFC%2B9PqENsUgtZbcdgF%2Fy73T6YnBUN6X6y5Aep%2F7lpWM7B4sWX2LgY8xifqMux6%2BAK4TwzjbFsQeEEkdMxt%2BYY9t19FjwBr0DxSUEPhXgQ2PDmo2xpkd6%2BDq%2B%2FiKh718wT8VGmG8EdnhRrxSGiav093YlGA3zy60ZednO7V60QWo9qU51Sw36IOmuaOM4k0F%2FjhiG806Fch%2B%2B7gM8PbO45EJQ6aBBakfhlymrvqYuoWN0HYO4NNfq9qj60xwFkWmEA4tlCgd8iE%2Fjt7%7Ctkp%3ABk9SR5zvx8u3Yg
35,Howard the Duck x 17 Bronze Age Marvel Comics Bundle. Includes Issues 13 &amp; 33.,GBP 30.00,https://www.ebay.com/itm/266355184589?hash=item3e040193cd:g:EsUAAOSwoZZkuTet&amdata=enc%3AAQAIAAAAwHQQf4YyOlur7nWcet0XIbnMtR9VVE3hmSbPW%2BBwEK47OVNlLHz%2BParo%2B2l0%2BBYIMMn2VRm4VT6IY1pWn5y%2Bay%2B5b%2BDtcFV2M5kHGadMLSPRn7190ufo%2Bedl1rUEqTEhgfpygKbhIpAFvO0XxhQSQv2nx9fnJ3j1WaDkJKHhEdnmHJ2XJ%2F%2B3fB%2BTiEUAPHzfGle2E%2Bw9rEw3olbtD%2FxU%2FyrRcHYuGVWESFTrvy45asLspfcF%2FJbacUb9mU53jI7KvQ%3D%3D%7Ctkp%3ABk9SR5zvx8u3Yg
36,Marvel Comics Doctor Strange #45 58 64 76 Comic Book Lot,US $2.00,https://www.ebay.com/itm/285402756211?hash=item4273547473:g:zW4AAOSwM1Fkpc88&amdata=enc%3AAQAIAAAA4P5l0j19AtM4uTrgdjW7nJW5VnyXtHVPrbm%2BdnOr5%2Fte4aRkY8ZWiJ43a0w6mo0qeE6iTlGH74Ng5hhEEtY8bsGFRQtoaawjanyIwepbrwvfAYE0hEAP3oNK8vKBlnEyrOvqEUPVM1%2Bk4RA5cXkXYstyfGYsBpOMKmdW3rlf6mPbgULwVuwoynjmONztPKj6fWs0qMgFIIFFxh5OpFzwaar%2FEhZTrpNGYaaqQ7TBYTuSWpKSBClz8D14%2FOEcvSKzE0C65v1K1V1Z2mFvw4EJcjzSUFBq9b563SP1nSir1PWr%7Ctkp%3ABk9SR5zvx8u3Yg
37,IRON MAN 3  - 1st Appearance of THE FREAK - HAPPY HOGAN - PEPPER POTTS (1968),US $33.00,https://www.ebay.com/itm/275973316886?hash=item40414aa116:g:U~oAAOSw3NNkuCjA&amdata=enc%3AAQAIAAAA4PLxnVQOX5rabxtvq4DT44KG53MhEYNUdFWfc6VDelrFRVm9qLKUmTCpG7k%2FV00YgMP%2FX5dhddOU9A3FwA6VqXygYPA90sywyBIC8fndq6l4bYhzujfkDpGXCxVl6kg%2BUQx%2Bx0W4OWzhSmLC7rTVWUXipkerQdMRUF2EedFOHhvZ76Yd6AASyr96GgpbgAJyz%2FiZZ22Gw091RYaJ2lzzeLvHTacljGKUEUdfImyjFy4uVmESMvYlyhbQstiBAI0KgiDN3n%2B51IM5uqallM1wRFt7WD1bI%2BOKZr0%2BWopYf%2FHS%7Ctkp%3ABk9SR5zvx8u3Yg
38,LOT 4 Fantagor #1 2 3 4 Richard CORBEN Underground Comix Last Gasp Vaughn BodÄ“,US $15.50,https://www.ebay.com/itm/334970397582?hash=item4dfdcaa38e:g:~V0AAOSw7IFkvswr&amdata=enc%3AAQAIAAAAwD8Ne8ZG%2FrOmiCwi5h2ci00r7YuzcpopZjhxeM5Shp3hQ0no0xlXEquToyCIyiZR8T1LVUqR6bPZSsFCMKNBw9Ec6oOlC3UOtqxcNdaof7Q0UaPp0aAG%2B4Wb1HdP2Ry0piGyXEMR3xsX7EkJImwkxQfwXSe%2B70Pw2mc9zrULOy%2F5pXfv%2FvowuCcjwdod1GH08nLnmDCo4W93eqnaS0Bu6l%2Fj0OONiuDs1oi%2BHSVZncFBf%2FqPZqhN45baST7REY3lKQ%3D%3D%7Ctkp%3ABk9SR5zvx8u3Yg
39,HUGE PREMIUM 100 COMIC BOOK LOT-MARVEL &amp; DC-FREE SHIPPING! BAGGED AND BOARDED,US $102.00,https://www.ebay.com/itm/165820668102?hash=item269bae98c6:g:0DYAAOSw1G5jkQ9N&amdata=enc%3AAQAIAAAA4L9pREsYFib5YK%2BgPJVrKaljMBwrpPR%2F2p88%2F9V9q%2BBElG0Ry99WjhTZBXHXUOZjLounME39dwjv4%2Bn9WpqVOPM3zxHv%2BT%2Bn%2BTLhJxA2trYKVonsUMqiQ3QHKn5JcbvsnAQBGaYbJ2QTV6p%2Fqqg94zLZemKSkUz1IgyzSyaVJpEDX0gwQhZGXd7kXREtYYAqz4sJSpA4yUV9IN9ro3h%2FwHsQshwaNdTPnjMY69Dux7CKNrD%2BBqG43x68d5hDCaSmipUhWDZxnlnhBZbIAp%2B2ickd6dJdwUWpFnMz8H2LstO2%7Ctkp%3ABFBMnO_Hy7di
40,MARVEL- Lot of 50 Comic Books- All different MARVEL ONLY *FREE SHIPPING*,US $59.00,https://www.ebay.com/itm/164272960632?hash=item263f6e7478:g:RjQAAOSwdMBe~jAG&amdata=enc%3AAQAIAAAA4Hfu%2F%2FY1RxKa3ZyVIHQXr2sifmeQSHTnBsCN%2Bz1aDalHhYg0DMs3HD3qM1fyu8rVW%2BXTtZ0O%2BgnIwMSbTr3g2ZJ8E40qWAc8I%2FwFBDn3HplvuvUVH75bO%2BTTr2Q%2FuQZT32XUmzh3Utg06nYoqj%2Bz%2FiPNlJL7EjhKA52uoR6DxHrRd4jcS45NGRS5rMcFNsi3lfQpHH11kMCgQk0S1Qzfykd5LALlbvvAFEZ9VuxXegOhhXCny%2FoQx9QG0B6Uxu7JE1yzbkwtsy6GTdXSpTKxI34DvUNUni4Rian5mZYusGCu%7Ctkp%3ABFBMnO_Hy7di
41,CAPTAIN MARVEL # 133 FAWCETT 1952,US $14.95,https://www.ebay.com/itm/295848808176?hash=item44e1f68ef0:g:yhYAAOSwZ4dh9pNS&amdata=enc%3AAQAIAAAAwDbwdwLP2Soie1b33NFh%2FmaVV7%2B6lhvoPts4htaCKw3oHqnn3FWASnEP2FGjI0piTH5ECIhjhEuaKRuid3fkYacDuuyqH0ge2et%2B2byon7WYU7uE%2F8ahuWHRlwCukH13QQzvy4Is3jCtQlupCUS5%2F0hnBIEl0VgEVDrme%2BhQgJuc31%2Bj5Iwm%2BaUS0waYq1RtoPQabwjTHb3Nz0O4JPZ54%2BfPq62XjIFUcKH1w3NaXp7NlNT8odbopcFaZOgOSlycdA%3D%3D%7Ctkp%3ABk9SR5zvx8u3Yg
42,"Signed! Bundle of Comics in a Box Marvel, DC, Boom. Signature Series",US $59.99,https://www.ebay.com/itm/373823837069?hash=item5709a3138d:g:XhoAAOSwY1Rh6wkr&amdata=enc%3AAQAIAAAA4BWsAm0f0bX04Sjtqe9pSQ56%2B7dLhE%2FTYBb%2BtpklJkaRpBOjLnYQElM5Xu3UHdEpp4EdLTRiVoX4Et%2BzMy9CLhYCy3OFI%2FEqAy9dy%2BP%2BX1W4KCBaQT52TqJzzBhboeMrsJ68txvK9d0Ljmwj%2BgPtJyUpqi6Kl%2FdovruSMGlIWSmvisuyDE1sl6E%2B%2Bm5BiatVD2HSwPAghx8fGmoFFFQWxZowiFbnuHxIQaxDwbejkh%2Fu2QRfm5iBOxg1cxndDje%2B1Qn%2FkUppDyUC%2FMgKMl8XFNPwsEelpUBSKJS%2BgC30MYhM%7Ctkp%3ABk9SR5zvx8u3Yg
43,Marvel Team-Up Spider-Man And Nighthawk #33 - Marvel Comics 1975,GBP 0.99,https://www.ebay.com/itm/134673790425?hash=item1f5b2ef5d9:g:btgAAOSwAZpkxTrU&amdata=enc%3AAQAIAAAA4PVNIzvCh80cKA7fHA5SPMtY0RU%2BtUn5p30R46MHXE7%2FvVi%2FMHPTdcJvvCxj9BsjeQrDFKlqBn5WayptExGPpGNEx0gDPRDbu5Qar5GCoZnYbcA3XkZhLiGTX14MelV69jJY1nou6Dn%2BrTZtwOIpapzoJRvL1gBbbW50zeCOkFgBKIPpp2X%2BUhz%2FCh%2BzGRYhgP%2FqDSNQ3WMWj4FehjvN22BG2hCf2DNUcnLOV%2Bxv9u671xnloCPsQqYCdsvGLRefVmXtnJHAUxZLmbcix0kfz4M%2FZdXLfcO1OIE5hDVC37fH%7Ctkp%3ABk9SR5zvx8u3Yg
44,"LOT OF 3, THE MIGHTY THOR MARVEL COMIC, #272-279-282, 1st APP. SKYRMIR,  G+-VG",US $7.75,https://www.ebay.com/itm/295851249826?hash=item44e21bd0a2:g:TBUAAOSwTF1ksqMF&amdata=enc%3AAQAIAAAAwOhnpcQlIpMXQYHIE9AtYfvtHakwvJNjiCJbFCWOFqebQasaLFlPlL7vIZ5WvXPD6sT3%2F8keATHafvQbumhifDVX9vpTFQD7g4mZmPTUt29ky5xhM9X%2Fizj6xqNVdt2xlHPPx8bC4ypXvQME94N0cuh3Hf7EfK0Ef1espDhJVtX%2Fv4EgPet8GOtq3oWvBG9VzXqxtb0WBNS7nNsPotFD%2FCzeas7CrPkOODlvQeWJVjJ3ZpmK8ztjHByYcqn1Q6xUWQ%3D%3D%7Ctkp%3ABk9SR5zvx8u3Yg
45,"1600 Comics For Sale , 99p each - Random Picked! Just choose your quantity",GBP 0.99,https://www.ebay.com/itm/115834427361?hash=item1af84517e1:g:5HcAAOSwU85kjGwJ&amdata=enc%3AAQAIAAAA4DsEXJUnE7bPm%2Fe84uuo0amFEECASUXlCuHWJYFwU2X2gwtLk6HI9gGZwRNCUDgDuq8nKYIPkTlNftBFKIFAp4OTQds%2FaklO2SuXQKKHQtmyg5X8QTWfi7eN0dkEqc1KDS%2F5tBcaAbG0TkhxVr3Z6ObNWRWmg0IWTho8343pgs8mGuEaZ8PYwIR%2BIcfrtEiP1wqLuwM1bOMbHvsd%2BL1axjyQusA4pitsqe%2F5FGD%2B12ZHl4hyEV6HJFmdcNSfTGD1e0XHKHrTYTtQ6lcggpXre%2FcZx0QqGwdSvMOh9viQX3%2Bn%7Ctkp%3ABk9SR5zvx8u3Yg
46,Vintage 1956 Strange Tales of Suspense No.44 Comic Book Marvel,US $20.00,https://www.ebay.com/itm/195914986565?hash=item2d9d717445:g:-qAAAOSwu99krwGq&amdata=enc%3AAQAIAAAAwJZ%2FVX7npiaYPqpDy0Tqn%2B0wsx6Y4hVnnK%2BmBv5BA9cq8LQZfgLgCJTE2148optFW%2F4ezs8vBUi4W90Q%2B%2BDjbW9%2FEC7zJtVZ7eu0QHk5F69fde%2FMxoot84c8QzLQncXbF6gSS%2FUQsuA8zL0TOEfWsstq6pn2x2rEg0yvwwRDvj0sZKv7GIDmWmKnOjuHUvhqsfS%2B6St9fObOOwOiEkaP6o%2FuzQY61DBSB4xAlkLmElr9Ao0bamuxs8czZcV76n8PMQ%3D%3D%7Ctkp%3ABk9SR57vx8u3Yg
47,Tom &amp; Jerry #2 Harvey Classics Nov 1991 Comic Book,US $0.99,https://www.ebay.com/itm/115871975919?hash=item1afa8209ef:g:RdAAAOSw4XpkruHj&amdata=enc%3AAQAIAAAAwDdhDs2chU024tPj5fqwAk0570NA1fU%2Fz8HENHjdI01g56wLVYxKok3pvumBfSXmvScfG8zbKfu2Jhrg2KkEKWxVLaBiSCqxmHbgy0iLCw1UMJKX6rc4q5gI5GJjKlzHsggQ64l2lFggzIT4MmbVWpwHPuNP%2FZZo3X%2BZRKlXWyptNgJs4u0EAAYTtG%2BpZObexzAAUo%2BEpqY%2FiHD9%2FB09qrUIR8pAoNCX9O23VNJ78rvsWaaVMtlObfhTNfk2MvdYpA%3D%3D%7Ctkp%3ABk9SR57vx8u3Yg
48,Marvel Team-Up #3  Fine  Spider-Man/Hum<wbr>an Torch  3rd Morbius  1972  Bronze Age,US $0.99,https://www.ebay.com/itm/204414295012?hash=item2f980a9be4:g:y2EAAOSwzl1kbUkw&amdata=enc%3AAQAIAAAAwEuVhC2qQS6eQl7TkbckGT%2BOyCiJkh8wBIS3cW7a%2BOq5svq%2BIQ7iytcuKGOn568kCh2PZtj0ITLPRWcaplg5AGqioBDW%2BZagCE03p3G%2BMyGKP71GHKZL%2B3XUACdqH3KzFzL1IlU1K1hfKL4mDnESV1wRWr7M1G3ipqBm8c0yTNdpLLBn%2BLKeKAjf2yOAyWxmB7xei4%2Bipe9gaxtCZruEszfezdU8Ktn7PWVJIDXJPxhlpbvapQylVwQxUdypxZoIGA%3D%3D%7Ctkp%3ABk9SR57vx8u3Yg
49,Marvel Uncanny Dark X-Men #1 Comic Set Alex Ross Jim Lee Variant NM PRE ORDER,US $24.99/ea,https://www.ebay.com/itm/295834333047?hash=item44e119af77:g:CiMAAOSwL6JkvVol&amdata=enc%3AAQAIAAAA4M%2BRY2QXSe%2Bq9D7sBQRKdQAvt86EM9F9Zb%2FWssEeNt5FLcE3wznTSMeWM%2Bwh%2Fd%2B%2Fzrs%2FRGfddNzKcWnwQbhouTJMKP2wvzKY5qptnxqIkpmDG%2BOCG8fMbyRkg3GF2JzlXdBv5yvdf0e2h2Nlyb1LroT6nrsYophumYs%2Fj%2BJmP5YWIWIBMbTFvwZJHL9JAR2Mw3bagBE8m9wyR5NHpJg4wLRMUV55HO5PyRpf2K%2BZX%2F1oQNqQKtU0w5DkGQFxFAMyiQmwYEGXOUJ%2FOgHC5YiwQ1ES9VJxjkP6w7YM8q7xMlzZ%7Ctkp%3ABk9SR57vx8u3Yg
50,"Iron Man #297, Omega Red appearance, Fine condition",US $0.99,https://www.ebay.com/itm/305047868225?hash=item4706451341:g:veIAAOSw4sBkqZ0F&amdata=enc%3AAQAIAAAAwLAUS18RXwl0lEqhzhKjacd1NmFdQ8lsX6Hz64Dy2sPGADYgsdhvNKWqM165A%2BmD7fj%2FiCXw43wJXPCUyZmJmH0Q2lxAnp3LZr81bLGgOYiKBTBG98M8Sgg1Lu5lGk7h%2B0BDa9pDATIkGs3YyvhqwKFjSt9NXq3NByavSdyGCFKKBXZ9NRz0f6gxIZnvrTE8WUF%2FW0qNzuShDNJZlovM7r6%2FYfa0msiK9iD8zyPcMqJeIscRvbogxkCjjlQu3%2BdrLA%3D%3D%7Ctkp%3ABk9SR57vx8u3Yg
51,AMAZING SPIDER-MAN #327 DEC 1989,GBP 0.99,https://www.ebay.com/itm/134673785855?hash=item1f5b2ee3ff:g:jGQAAOSwUlRkxT~N&amdata=enc%3AAQAIAAAAwKU%2BCbTL1okITVsJyeRJ%2FpWTww1PmEPK1gmrRZqoRo8IhbIwRrMzcbIlhHtSHXqpImbz1x6avJ5ZnNQP0UQX08ZwEuX9pXa21ByC0gK4WMzLXgZjQovaou5TxlhafATpC98fJz4eFC5NXij%2FIkPEofchEYea80ciCGsGK0UNK%2B2S0fMZaWXvOYUTHIy3Mf8R7yk2SFa0iP5Y7K18E8pWfp9EEDygZ9zX3SFXjKpbYeta7AKn%2FZyf2lDvt1CdEGg0mw%3D%3D%7Ctkp%3ABk9SR57vx8u3Yg
52,MUST BUY 5 OR MORE MARVEL DC IMAGE VALIANT AND OTHERS 5 COMICS FOR $5 YOU PICK,US $1.00,https://www.ebay.com/itm/325711009920?hash=item4bd5e39880:g:uHQAAOSw8mpkm5Oj&amdata=enc%3AAQAIAAAA4DF6YynokyqJMfkAN1BePNAkdrScmraur0tGNC3FaUgvBBJ2%2B8UOYJ%2BUKaW%2F%2FvwwsUsybhqHdFKP25JtHGHbiW4hcjudnckExWSKEKCQ4TeuYXRbvRMIF2UM%2FLOej8fnq6goREDf1HCpECooYOReb1Oj%2FOPc8DgvOQLI2dKzQni0hZpUjQugXJUftDBhMKTPVIsOeb8H9ECx%2FHg%2B4KARUMy4Pl0gHgT1AkS8cOWzEEL2Zv%2FOI6sxEdOLXHeN6DOkgrVUvr7y5k1csWoe5gf7oKFrSWDl%2FKGlLwEFeK4Trv%2BN%7Ctkp%3ABk9SR57vx8u3Yg
53,Marvel - Lot of 50 Comic Books - All different - Marvel only- Free Shipping,US $40.99,https://www.ebay.com/itm/175797546040?hash=item28ee59ac38:g:iAwAAOSwTdJjzDSg&amdata=enc%3AAQAIAAAAwEXmrXMR1yBKii5H88LhD4Z4WNYdTnsctI8YBb1lsUps7yJJHrjnkDP13pokz5tRo%2Bz%2BlzCrznMFWFpOsRLI%2BXBOqCUEhin%2Bzp2KgIc%2B4vM%2FHcu9x4Wkli8dK3eSWeAHnEgCzIR9riUxhSGapLjODhgwkt8NVTT165UGJRGQr5Chu0ZZ1s1oP4bUnQbPI0QQz7AzCuvMe%2BPGVDarlf5KU%2BuwtL496CSnb9ViIaxDotuEURttqU9B60FYIGY4KrQe1g%3D%3D%7Ctkp%3ABk9SR57vx8u3Yg
54,Spider-Man #26&nbsp; (1992) Marvel Giant Sized 30th Anniversary Hologram Cover,US $1.99,https://www.ebay.com/itm/225694733179?hash=item348c74537b:g:8kQAAOSwgwFksugY&amdata=enc%3AAQAIAAAAwPQvjMAAj33cJv13H%2F91kAeVn2XrtfCjPjofmcKr0igHmPfE2F7BCqDiPTQZn84Qy3wZ7q73pOUEAXECHPTAhk%2FUBd6bKqurEUs6utXFi8k8ygdTlGdPXi%2BSEgLMvHQiAYy9fkl7eZYD44AjuuvbANiCa4D5ENzjCUJ31rBpGnP%2FvZHoQHW4kPakQ%2BlD2S2dcs04WvquVMQ188dpapB4nThDu%2BmoX5WZiNwpAlL4dwj9z%2F%2BmvKV9UbFvrVs6KaU%2F0Q%3D%3D%7Ctkp%3ABk9SR57vx8u3Yg
55,AMAZING SPIDER-MAN 1 GABRIELE DELLOTTO EXCLUSIVE VIRGIN VARIANT SET LTD 800 COA,US $1.25,https://www.ebay.com/itm/354952288204?hash=item52a4ce17cc:g:YBcAAOSwzxBjDwHh&amdata=enc%3AAQAIAAAA4PV0sD8TafCPDSy%2BGU3ZVdreXFAqT5epXe%2BU9L9dLnWpX42J7sxE4Wv31l5PK%2FgyR8%2FdsfsEIQbhD5cQA0KTSMn8RGKcEUDmhG1aMIeLktW8Z24aP%2BKVDrG60D2sbfGmpHm6Mduo7mu%2FdkGgvHHsKHxWMFj5V2WuAKPHGiac5np0J5AdBW7msVNfGJeBGQTZ%2FKIDo3MqfmmeawsgnExP8c3zEwo9NyOoP%2FGMD4ktqlDvEf5G94GLm8kPKaf%2F0h9SerxgiDpeFdjSOp2NQQOuzIvp2OpzvKzbiy991NNPaL1j%7Ctkp%3ABk9SR57vx8u3Yg
56,Iron Man 1968 Marvel Comics Mix Silver - Bronze age  -YOU PICK THE ISSUE U NEED-,US $3.99,https://www.ebay.com/itm/334910872847?hash=item4dfa3e5d0f:g:YV0AAOSwyhVkiO5o&amdata=enc%3AAQAIAAAA4M2m02Qw5GMwj34xSsAWInY%2FfQLyeqlu6maVo2ctCYRcSf4A7koM2%2BckeKNY%2Ba4T1go4BLNxwciakrUT1XM%2FpPRL%2BsFWLxJZx6ECegTCqfb4jrv%2B7tzVu2Jf5dhGwzFq%2BUm584ahjrCTp7F1eL0BP2OaaF0VvU2dkBoz1SlEGyXl%2FQWc0%2Fu1CqFRVyykPSLZdZJXUl%2FOX3CTkUBN3pQ3VNI0644hFVyozyZ%2BvshpgOrrni8uy0OWTcrjD7bjidOpLHIjRmkw0djW07Hm2jUK3hAcp6D1uFmfXrSvn7Ft7Co5%7Ctkp%3ABk9SR57vx8u3Yg
57,MIGHTY MORPHIN POWER RANGERS # 40 LEGENDS VARIANT Comic Book Hasbro Brand New,US $9.99,https://www.ebay.com/itm/374844843071?hash=item57467e643f:g:4NAAAOSw9yJkGn0U&amdata=enc%3AAQAIAAAA4IH5eLegjZI89dSWkQ3IKHa5Ik9x3weoot2qv1EZ%2BbVC57zGe%2BaAjNIA%2Bep0ueOs2PX451en7DgegSpJmj9wCmL2C8x5d1Ln33U0AdTACnr2T00zYJXHEMa4zCg1%2Fjk37%2FP1VPVaWMQo34qbwPxAEUECsUGll3q%2FHUCZxxzprJtxbKan%2B4Z1E38i3m2rdVzfp%2BhC0zNiwoUJ75KA%2BBn25xSTC8VY7ZG6wf8VC%2BaDRKeGhuiTn5xURoqHoQeKlQt5C5S9xIlE7uUDHrf4nhW2UTbETLWV70ydjADSsf2U0Tn4%7Ctkp%3ABk9SR57vx8u3Yg
58,50  x  Assorted Comics from these boxes - Job Lot -  Amazing Value,GBP 39.99,https://www.ebay.com/itm/115435501841?hash=item1ae07df911:g:EU0AAOSwxfBkX6nq&amdata=enc%3AAQAIAAAAwLxZLKQDe%2BnoBkkHMwFQeYprYywp6Gh%2FWOsgC4%2FXaKYm%2FG8%2BseRJeSIejy6s0MZ%2BnCH3ngUDcQ8KadqHDHQ5EDwsqKk%2BKtM2XqPRAHD%2BJaG7%2Bsu5Lrbreth0ifh%2BcMdV4JZnCq8RkCGkfurLUTHMT3eAS2USVu7gmWVQpBQrCcqUqeiBB4VI3MS7uPYd0FjgbIziZPQGMcUTiyu8qFO4O3eD4da4WYs1PvtpaCtape%2FYSqtNS%2Fngxix4tR1BWT9uMg%3D%3D%7Ctkp%3ABk9SR57vx8u3Yg
59,* Mixed Lot of 50 Independent Comics * Indie Indy Comic Books ! FREE SHIPPING !!,US $26.99/ea,https://www.ebay.com/itm/285301023375?hash=item426d44228f:g:6GcAAOSwyDJivNpU&amdata=enc%3AAQAIAAAA4CfadkHhQjTLmPqzOzlOs18bb%2BrmdoogALQImz8BD9pRfsErU92wYS6gHS8mhAdop3lwOxwQFJO9AJMqiTlajzIU2U6kBnv06UXSKVeb25sIXYby7RaD6bjOwe3Ak1Z5mqZOwEnV%2Be4mnX%2F%2BQyyE81zZHGTWtLgloh%2Bi8fSe%2BTq15r24gJULDPfkIzEYmzXqWQbQecS1kycj3k1uyEld3AzfzEfZsCl7pJWkoPsFafaJd%2FZm02Ej0DG2%2BWynXDNX%2FskHEEZtFvV71YTG%2FLTlHxSkajafA%2Fo%2FXkpoer%2FObgBQ%7Ctkp%3ABFBMnu_Hy7di
60,MARVEL- Lot of 25 Comic Books- All different MARVEL ONLY,US $32.00,https://www.ebay.com/itm/165516851800?hash=item268992ba58:g:E3EAAOSwX3hiIr3z&amdata=enc%3AAQAIAAAA4O5a3TLRBu%2F%2FdR5yVNL3ap7Vt2MTRGGpzhcaDniYMZtCR68fGgt75zgOWRrkxCSfRWBe0pMdcVYGsYiGUr8MTg3rGc3O4oMRTfB47KchPXNHJmVvOmSpZuEoAG0Pr9lpINO5u%2F%2B2OgsHKFri2Dwzq4TdW15wfu0wQ6h7neG2YHl11%2BQTM6aw4lj7MK64Zb0NR1ltdxgTWrXCBYAG0MTyv8JUEpIx60y22K32KjHrumcqGN0dHbWpxUt42UUOLnEWqMegkHKHL2cC7ruztw2eI5VJ35UpTO7fw24jYAsEu8dD%7Ctkp%3ABFBMnu_Hy7di
